url,quote,likeNum
http://www.jianshu.com/p/84c10f2cf100,nimei,0
http://www.jianshu.com/p/84c10f2cf100,nimei,0
http://www.jianshu.com/p/84c10f2cf100,nimei,0
http://www.jianshu.com/p/84c10f2cf100,nimei,0
http://www.jianshu.com/p/84c10f2cf100,nimei,0
http://www.jianshu.com/p/84c10f2cf100,nimei,0
http://www.jianshu.com/p/84c10f2cf100,nimei,0
http://www.jianshu.com/p/84c10f2cf100,nimei,0
http://www.jianshu.com/p/84c10f2cf100,nimei,0
http://www.jianshu.com/p/84c10f2cf100,nimei,0
http://www.jianshu.com/p/84c10f2cf100,nimei,0
http://www.jianshu.com/p/84c10f2cf100,nimei,0
http://www.jianshu.com/p/84c10f2cf100,nimei,0
http://www.jianshu.com/p/84c10f2cf100,nimei,0
http://www.jianshu.com/p/84c10f2cf100,nimei,0
http://www.jianshu.com/p/84c10f2cf100,nimei,0
http://www.jianshu.com/p/84c10f2cf100,nimei,0
http://www.jianshu.com/p/84c10f2cf100,nimei,0
http://www.jianshu.com/p/84c10f2cf100,nimei,0
http://www.jianshu.com/p/84c10f2cf100,nimei,0
http://www.jianshu.com/p/93cbfa545211,nimei,0
http://www.jianshu.com/p/93cbfa545211,nimei,0
http://www.jianshu.com/p/93cbfa545211,nimei,0
http://www.jianshu.com/p/93cbfa545211,nimei,0
http://www.jianshu.com/p/93cbfa545211,nimei,0
http://www.jianshu.com/p/93cbfa545211,nimei,0
http://www.jianshu.com/p/93cbfa545211,nimei,0
http://www.jianshu.com/p/93cbfa545211,nimei,0
http://www.jianshu.com/p/93cbfa545211,nimei,0
http://www.jianshu.com/p/93cbfa545211,nimei,0
http://www.jianshu.com/p/93cbfa545211,nimei,0
http://www.jianshu.com/p/93cbfa545211,nimei,0
http://www.jianshu.com/p/93cbfa545211,nimei,0
http://www.jianshu.com/p/93cbfa545211,nimei,0
http://www.jianshu.com/p/93cbfa545211,nimei,0
http://www.jianshu.com/p/93cbfa545211,nimei,0
http://www.jianshu.com/p/93cbfa545211,nimei,0
http://www.jianshu.com/p/93cbfa545211,nimei,0
http://www.jianshu.com/p/4a4221e616a9,nimei,0
http://www.jianshu.com/p/93cbfa545211,nimei,0
http://www.jianshu.com/p/4a4221e616a9,nimei,0
http://www.jianshu.com/p/4a4221e616a9,nimei,0
http://www.jianshu.com/p/4a4221e616a9,nimei,0
http://www.jianshu.com/p/4a4221e616a9,nimei,0
http://www.jianshu.com/p/4a4221e616a9,nimei,0
http://www.jianshu.com/p/4a4221e616a9,nimei,0
http://www.jianshu.com/p/4a4221e616a9,nimei,0
http://www.jianshu.com/p/4a4221e616a9,nimei,0
http://www.jianshu.com/p/4a4221e616a9,nimei,0
http://www.jianshu.com/p/4a4221e616a9,nimei,0
http://www.jianshu.com/p/4a4221e616a9,nimei,0
http://www.jianshu.com/p/4a4221e616a9,nimei,0
http://www.jianshu.com/p/4a4221e616a9,nimei,0
http://www.jianshu.com/p/4a4221e616a9,nimei,0
http://www.jianshu.com/p/4a4221e616a9,nimei,0
http://www.jianshu.com/p/4a4221e616a9,nimei,0
http://www.jianshu.com/p/4a4221e616a9,nimei,0
http://www.jianshu.com/p/4a4221e616a9,nimei,0
http://www.jianshu.com/p/4a4221e616a9,nimei,0
http://www.jianshu.com/p/373d77deaabf,nimei,1
http://www.jianshu.com/p/373d77deaabf,nimei,1
http://www.jianshu.com/p/373d77deaabf,nimei,1
http://www.jianshu.com/p/373d77deaabf,nimei,1
http://www.jianshu.com/p/373d77deaabf,nimei,1
http://www.jianshu.com/p/373d77deaabf,nimei,1
http://www.jianshu.com/p/373d77deaabf,nimei,1
http://www.jianshu.com/p/373d77deaabf,nimei,1
http://www.jianshu.com/p/373d77deaabf,nimei,1
http://www.jianshu.com/p/373d77deaabf,nimei,1
http://www.jianshu.com/p/373d77deaabf,nimei,1
http://www.jianshu.com/p/373d77deaabf,nimei,1
http://www.jianshu.com/p/373d77deaabf,nimei,1
http://www.jianshu.com/p/373d77deaabf,nimei,1
http://www.jianshu.com/p/373d77deaabf,nimei,1
http://www.jianshu.com/p/373d77deaabf,nimei,1
http://www.jianshu.com/p/373d77deaabf,nimei,1
http://www.jianshu.com/p/373d77deaabf,nimei,1
http://www.jianshu.com/p/373d77deaabf,nimei,1
http://www.jianshu.com/p/373d77deaabf,nimei,1
http://www.jianshu.com/p/2f98170f6eda,nimei,2
http://www.jianshu.com/p/2f98170f6eda,nimei,2
http://www.jianshu.com/p/2f98170f6eda,nimei,2
http://www.jianshu.com/p/2f98170f6eda,nimei,2
http://www.jianshu.com/p/2f98170f6eda,nimei,2
http://www.jianshu.com/p/2f98170f6eda,nimei,2
http://www.jianshu.com/p/2f98170f6eda,nimei,2
http://www.jianshu.com/p/2f98170f6eda,nimei,2
http://www.jianshu.com/p/2f98170f6eda,nimei,2
http://www.jianshu.com/p/2f98170f6eda,nimei,2
http://www.jianshu.com/p/2f98170f6eda,nimei,2
http://www.jianshu.com/p/2f98170f6eda,nimei,2
http://www.jianshu.com/p/2f98170f6eda,nimei,2
http://www.jianshu.com/p/2f98170f6eda,nimei,2
http://www.jianshu.com/p/2f98170f6eda,nimei,2
http://www.jianshu.com/p/2f98170f6eda,nimei,2
http://www.jianshu.com/p/2f98170f6eda,nimei,2
http://www.jianshu.com/p/2f98170f6eda,nimei,2
http://www.jianshu.com/p/2f98170f6eda,nimei,2
http://www.jianshu.com/p/2f98170f6eda,nimei,2
url,quote,likeNum
http://www.jianshu.com/p/73b9e77fbae3,nimei,3
http://www.jianshu.com/p/0d532effde79,nimei,1
http://www.jianshu.com/p/6f19d663ce90,nimei,0
http://www.jianshu.com/p/84c10f2cf100,nimei,0
http://www.jianshu.com/p/ba16db3f6f71,nimei,0
http://www.jianshu.com/p/b0dc04c927f1,nimei,0
http://www.jianshu.com/p/f2e54edf229d,nimei,0
http://www.jianshu.com/p/a233e5d10c80,nimei,21
http://www.jianshu.com/p/1815b4071362,nimei,1
http://www.jianshu.com/p/519551b6b5ab,nimei,0
http://www.jianshu.com/p/931ecef07931,nimei,1
http://www.jianshu.com/p/ec7ef24563bf,nimei,0
http://www.jianshu.com/p/ee5432e57dd3,nimei,0
http://www.jianshu.com/p/04657c762d10,nimei,0
http://www.jianshu.com/p/0ea66783fbef,nimei,5
http://www.jianshu.com/p/39449bcf9c28,nimei,0
http://www.jianshu.com/p/73c54348374c,nimei,0
http://www.jianshu.com/p/c684c0362986,nimei,1
http://www.jianshu.com/p/ad491e073e4a,nimei,0
http://www.jianshu.com/p/a58d15ef5c8b,nimei,1
